simplicity,generalization,perc_fit_traces,average_trace_fitness,log_fitness,percentage_of_fitting_traces,precision,objective_fitness,f1_score,dataset,miner,time
0.818,0.961,74.969,0.953,0.953,74.969,0.993,94.933,0.973,2013-op,Genetic Miner,11.574358940124512
0.818,0.945,61.668,0.958,0.937,61.668,0.987,94.351,0.961,2013-cp,Genetic Miner,27.855247020721436
0.692,0.933,100.0,1.0,1.0,100.0,0.907,92.52,0.951,2013-op,Inductive Miner,0.013117074966430664
0.66,0.877,100.0,1.0,1.0,100.0,0.793,88.8,0.885,2013-cp,Inductive Miner,0.0175628662109375
