simplicity,generalization,perc_fit_traces,average_trace_fitness,log_fitness,percentage_of_fitting_traces,precision,objective_fitness,f1_score,dataset,miner,time
0.724,0.947,72.65,0.986,0.987,72.65,0.981,176.789,0.984,2013-o,Genetic Miner,21.00123691558838
0.754,0.908,35.037,0.928,0.914,35.037,0.986,172.936,0.949,2013-cp,Genetic Miner,44.82532501220703
0.692,0.933,100.0,1.0,1.0,100.0,0.907,158.528,0.951,2013-o,Inductive Miner,0.00507807731628418
0.66,0.877,100.0,1.0,1.0,100.0,0.793,152.252,0.885,2013-cp,Inductive Miner,0.015430212020874023
