simplicity,generalization,perc_fit_traces,average_trace_fitness,log_fitness,percentage_of_fitting_traces,precision,objective_fitness,f1_score,dataset,miner,time
0.8,0.966,79.731,0.982,0.982,79.731,0.985,96.116,0.983,2013-op,Genetic Miner,4.6297900676727295
0.778,0.953,0.053,0.945,0.967,0.053,0.998,95.19,0.982,2013-i,Genetic Miner,133.22552227973938
0.818,0.846,61.735,0.972,0.962,61.735,0.999,95.672,0.98,2013-cp,Genetic Miner,15.043064832687378
0.692,0.933,100.0,1.0,1.0,100.0,0.907,92.52,0.951,2013-op,Inductive Miner,0.013085126876831055
0.667,0.871,100.0,1.0,1.0,100.0,0.626,83.742,0.77,2013-i,Inductive Miner,0.1979990005493164
0.66,0.877,100.0,1.0,1.0,100.0,0.793,88.8,0.885,2013-cp,Inductive Miner,0.01651310920715332
