simplicity,generalization,perc_fit_traces,average_trace_fitness,log_fitness,percentage_of_fitting_traces,precision,objective_fitness,f1_score,dataset,miner,time
0.818,0.949,40.781,0.88,0.858,40.781,0.995,171.765,0.921,2013-op,Genetic Miner,2.2877912521362305
0.778,0.863,61.668,0.977,0.971,61.668,0.987,174.502,0.979,2013-cp,Genetic Miner,7.747396230697632
0.692,0.933,100.0,1.0,1.0,100.0,0.907,158.528,0.951,2013-op,Inductive Miner,0.005968809127807617
0.66,0.877,100.0,1.0,1.0,100.0,0.793,152.252,0.885,2013-cp,Inductive Miner,0.016260862350463867
