,random_creation_rate,mutation_rate,crossover_rate,elite_rate,population_size,percentage_of_log,generator,mutator,tournament_size,objective,log_filtering
1,0.13978360286872513,0.6132866297361762,0.11663778749618436,0.13029197989891428,48,0.010362107772584,Injection,Tournament,0.4706294326575753,83.22641799110488,0.0165276729087203
