,random_creation_rate,mutation_rate,crossover_rate,elite_rate,population_size,percentage_of_log,generator,mutator,tournament_size,objective,dataset,log_filtering
0,0.03585638879979451,0.527835202476723,0.0003745774377746938,0.4359338312857079,55,0.1156629458562667,Buttom,Tournament,0.3987699543212235,96.38957054193769,BPI_Challenge_2013_closed_problems_0,
1,0.0011816050356801252,0.3173776689144229,0.3899309456519106,0.2915097803979863,27,0.2269424841640268,Injection,NonTournament,,95.8825833343803,Road_Traffic_Fine_Management_0,0.0096580614253153
2,0.10357348586982217,0.36784232615214185,0.07107414826464858,0.4575100397133873,47,0.1935408968264362,Sequential,NonTournament,,96.01710828038118,BPI_Challenge_2013_incidents_0,
3,0.04880910459168343,0.4244015428569981,0.32715757269081913,0.19963177986049946,38,0.1506921544302355,Injection,NonTournament,,76.60358009713968,Nasa_0,0.0857639137114949
4,0.13291169035326034,0.5283397213957596,0.07607844294666409,0.2626701453043161,49,0.0387032087542887,Injection,Tournament,0.3022176072291825,76.1739110402277,BPI_Challenge_2019_0,0.0207124708791039
5,0.0015054684296027143,0.4270801290364556,0.07106306240703456,0.5003513401269072,42,0.1398086123603881,Injection,Tournament,0.4564983052747219,95.01517464182164,Sepsis_0,0.0065856981705127
6,0.035766463628372026,0.47041480738945307,0.21730346045206075,0.27651526853011427,45,0.2653570781809514,Injection,NonTournament,,96.57518884804134,BPI_Challenge_2013_open_problems_0,0.0716217048356404
7,0.13978360286872513,0.6132866297361762,0.11663778749618436,0.13029197989891428,48,0.010362107772584,Injection,Tournament,0.4706294326575753,83.22641799110488,BPI_Challenge_2017_0,0.0165276729087203
8,0.021736577875213242,0.34940814048824437,0.0868754390002574,0.541979842636285,32,0.0207549376837553,Injection,Tournament,0.3380418547903021,92.74785481256616,BPI_Challenge_2012_0,0.013293965890018
