objective_fitness,dataset,percentage_of_log
0.9457602666439474,2013-i,0.001
0.9497863049822979,2013-i,0.005
0.953077498834469,2013-i,0.01
0.9207394913963447,2013-i,0.05
0.9207394913963447,2013-i,0.1
0.9455649058306352,2013-i,0.5
