objective_fitness,dataset,percentage_of_log
0.941465416853926,Sepsis,0.01
0.9340670096601795,Sepsis,0.05
0.9422699849326306,Sepsis,0.1
0.9356269624615104,Sepsis,0.3
0.9292829977774681,Sepsis,0.5
