random_creation_rate,mutation_rate,crossover_rate,elite_rate,population_size,percentage_of_log,log_filtering,objective_fitness,dataset
0.04,0.43,0.0,0.59,42,0.11,0.09,0.9551254126858802,2013-op
0.04,0.49,0.0,0.45,48,0.11,0.09,0.9588985582780641,2013-op
0.04,0.43,0.0,0.59,42,0.11,0.09,0.9472552844343012,2013-cp
0.04,0.49,0.0,0.45,48,0.11,0.09,0.94469305046741,2013-cp
0.04,0.43,0.0,0.59,42,0.11,0.09,0.6190026262164124,Sepsis
0.04,0.49,0.0,0.45,48,0.11,0.09,0.6842945911166676,Sepsis
